{
  "project_info": {
    "project_number": "199208028758",
    "firebase_url": "https://bes-app-d0a08-default-rtdb.firebaseio.com",
    "project_id": "bes-app-d0a08",
    "storage_bucket": "bes-app-d0a08.appspot.com"
  },
  "client": [
    {
      "client_info": {
        "mobilesdk_app_id": "1:199208028758:android:9d9f9230da79cdc11449f7",
        "android_client_info": {
          "package_name": "com.example.a1234"
        }
      },
      "oauth_client": [
        {
          "client_id": "199208028758-eo1b1kokhq3dmejto302ua7umb5mg46o.apps.googleusercontent.com",
          "client_type": 1,
          "android_info": {
            "package_name": "com.example.a1234",
            "certificate_hash": "d87884026308b958be328e27f427fb02188e2bfd"
          }
        },
        {
          "client_id": "199208028758-uht054hea2imom2tv1q7deabvr48okn3.apps.googleusercontent.com",
          "client_type": 1,
          "android_info": {
            "package_name": "com.example.a1234",
            "certificate_hash": "11836b3dab63e945ac9cb71fd6c3e9bffa951638"
          }
        },
        {
          "client_id": "199208028758-f72em5910j9a7235lfqrs41vb82j8pnq.apps.googleusercontent.com",
          "client_type": 3
        }
      ],
      "api_key": [
        {
          "current_key": "AIzaSyBJl2GQmVJolECr7k8pJphES6Q1cBoeA2c"
        }
      ],
      "services": {
        "appinvite_service": {
          "other_platform_oauth_client": [
            {
              "client_id": "199208028758-f72em5910j9a7235lfqrs41vb82j8pnq.apps.googleusercontent.com",
              "client_type": 3
            }
          ]
        }
      }
    },
    {
      "client_info": {
        "mobilesdk_app_id": "1:199208028758:android:92649eb658491a7e1449f7",
        "android_client_info": {
          "package_name": "com.koddev.chatapp"
        }
      },
      "oauth_client": [
        {
          "client_id": "199208028758-f72em5910j9a7235lfqrs41vb82j8pnq.apps.googleusercontent.com",
          "client_type": 3
        }
      ],
      "api_key": [
        {
          "current_key": "AIzaSyBJl2GQmVJolECr7k8pJphES6Q1cBoeA2c"
        }
      ],
      "services": {
        "appinvite_service": {
          "other_platform_oauth_client": [
            {
              "client_id": "199208028758-f72em5910j9a7235lfqrs41vb82j8pnq.apps.googleusercontent.com",
              "client_type": 3
            }
          ]
        }
      }
    }
  ],
  "configuration_version": "1"
}